eta,num_rounds_boosting,train_mse,val_mse
0.02,1,0.550305,0.549147
0.02,2,0.541982,0.540876
0.02,3,0.53386,0.532813
0.02,4,0.525948,0.524943
0.02,5,0.518147,0.517214
0.02,6,0.510622,0.509752
0.02,7,0.503212,0.502411
0.02,8,0.496045,0.495319
0.02,9,0.488968,0.488327
0.02,10,0.482152,0.481588
0.02,11,0.475429,0.474954
0.02,12,0.46895,0.468555
0.02,13,0.462548,0.462247
0.02,14,0.456298,0.456095
0.02,15,0.450064,0.44996
0.02,16,0.44419,0.444192
0.02,17,0.438304,0.438429
0.02,18,0.432741,0.432957
0.02,19,0.427148,0.427479
0.02,20,0.421856,0.422307
0.02,21,0.416516,0.417095
0.02,22,0.411396,0.412091
0.02,23,0.406354,0.407185
0.02,24,0.401369,0.402329
0.02,25,0.396573,0.397661
0.02,26,0.391956,0.393177
0.02,27,0.387384,0.388752
0.02,28,0.382948,0.384468
0.02,29,0.37866,0.380311
0.02,30,0.374453,0.376277
0.02,31,0.370376,0.372339
0.02,32,0.366413,0.368527
0.02,33,0.362517,0.364762
0.02,34,0.358753,0.361174
0.02,35,0.355153,0.357716
0.02,36,0.351491,0.354214
0.02,37,0.348116,0.350974
0.02,38,0.344628,0.347636
0.02,39,0.341364,0.344528
0.02,40,0.338079,0.34142
0.02,41,0.334852,0.338357
0.02,42,0.331804,0.33548
0.02,43,0.328789,0.332645
0.02,44,0.32588,0.329893
0.02,45,0.323,0.327208
0.02,46,0.320284,0.32466
0.02,47,0.317628,0.32219
0.02,48,0.31497,0.31972
0.02,49,0.312454,0.317377
0.02,50,0.310011,0.315113
0.02,51,0.307557,0.312851
0.02,52,0.305238,0.310694
0.02,53,0.302964,0.308594
0.02,54,0.300718,0.306563
0.02,55,0.298593,0.304623
0.02,56,0.296503,0.302712
0.02,57,0.294505,0.300871
0.02,58,0.292489,0.299046
0.02,59,0.290584,0.297294
0.02,60,0.288665,0.295576
0.02,61,0.286898,0.293979
0.02,62,0.285095,0.292366
0.02,63,0.28336,0.290809
0.02,64,0.281697,0.289288
0.02,65,0.280019,0.287811
0.02,66,0.278287,0.28627
0.02,67,0.276739,0.284874
0.02,68,0.275106,0.283425
0.02,69,0.273558,0.282068
0.02,70,0.272079,0.280745
0.02,71,0.270598,0.279479
0.02,72,0.269248,0.278316
0.02,73,0.267835,0.277128
0.02,74,0.266514,0.275945
0.02,75,0.265188,0.274815
0.02,76,0.263838,0.273633
0.02,77,0.262581,0.272548
0.02,78,0.261312,0.27145
0.02,79,0.2601,0.270451
0.02,80,0.258897,0.269431
0.02,81,0.25778,0.268462
0.02,82,0.256667,0.267485
0.02,83,0.255552,0.266586
0.02,84,0.254505,0.265709
0.02,85,0.253488,0.26482
0.02,86,0.252498,0.264029
0.02,87,0.251498,0.263179
0.02,88,0.250519,0.262365
0.02,89,0.249511,0.261555
0.02,90,0.24858,0.260771
0.02,91,0.247616,0.259972
0.02,92,0.246674,0.259195
0.02,93,0.245817,0.258465
0.02,94,0.244956,0.257793
0.02,95,0.244133,0.25709
0.02,96,0.243309,0.256435
0.02,97,0.242513,0.255807
0.02,98,0.241768,0.255173
0.02,99,0.24102,0.25458
0.02,100,0.240252,0.253961
0.02,101,0.23951,0.253372
0.02,102,0.238814,0.252813
0.02,103,0.238149,0.252273
0.02,104,0.237471,0.251732
0.02,105,0.236817,0.251212
0.02,106,0.23616,0.250726
0.02,107,0.235543,0.250223
0.02,108,0.234955,0.249732
0.02,109,0.234347,0.249262
0.02,110,0.233747,0.248774
0.02,111,0.23314,0.248332
0.02,112,0.232582,0.247906
0.02,113,0.231981,0.247453
0.02,114,0.23145,0.247055
0.02,115,0.230924,0.246656
0.02,116,0.230356,0.246216
0.02,117,0.229849,0.245817
0.02,118,0.229359,0.245455
0.02,119,0.228801,0.245006
0.02,120,0.228267,0.244625
0.02,121,0.227783,0.244271
0.02,122,0.227321,0.243909
0.02,123,0.226816,0.24359
0.02,124,0.22638,0.243253
0.02,125,0.225938,0.242954
0.02,126,0.22547,0.242582
0.02,127,0.225026,0.242251
0.02,128,0.22456,0.24189
0.02,129,0.224143,0.241584
0.02,130,0.223675,0.241229
0.02,131,0.223236,0.240945
0.02,132,0.222837,0.240692
0.02,133,0.222427,0.240395
0.02,134,0.222023,0.240111
0.02,135,0.221643,0.23981
0.02,136,0.22124,0.239501
0.02,137,0.220884,0.239245
0.02,138,0.220511,0.239014
0.02,139,0.220149,0.238761
0.02,140,0.219771,0.238487
0.02,141,0.219422,0.238204
0.02,142,0.219038,0.237924
0.02,143,0.218692,0.237664
0.02,144,0.218289,0.237416
0.02,145,0.217948,0.237166
0.02,146,0.217574,0.23694
0.02,147,0.217226,0.236729
0.02,148,0.216897,0.2365
0.02,149,0.216544,0.23629
0.02,150,0.216259,0.236076
0.02,151,0.215956,0.23585
0.02,152,0.215651,0.235629
0.02,153,0.215261,0.235411
0.02,154,0.214884,0.235206
0.02,155,0.214592,0.234978
0.02,156,0.214304,0.234853
0.02,157,0.214017,0.234696
0.02,158,0.213732,0.234479
0.02,159,0.213463,0.234292
0.02,160,0.213094,0.234028
0.02,161,0.212826,0.233875
0.02,162,0.212556,0.233732
0.02,163,0.212285,0.233546
0.02,164,0.211971,0.233313
0.02,165,0.211733,0.233154
0.02,166,0.211399,0.232918
0.02,167,0.211159,0.232768
0.02,168,0.210829,0.232539
0.02,169,0.210603,0.232389
0.02,170,0.210394,0.232304
0.02,171,0.210166,0.232139
0.02,172,0.209954,0.232008
0.02,173,0.209711,0.231892
0.02,174,0.209451,0.231709
0.02,175,0.209154,0.231505
0.02,176,0.208924,0.231394
0.02,177,0.208713,0.23126
0.02,178,0.208504,0.231125
0.02,179,0.2083,0.231041
0.02,180,0.207987,0.230842
0.02,181,0.207765,0.2307
0.02,182,0.207586,0.230589
0.02,183,0.207386,0.230467
0.02,184,0.207162,0.230328
0.02,185,0.206953,0.230237
0.02,186,0.206659,0.230047
0.02,187,0.20646,0.229929
0.02,188,0.206262,0.229783
0.02,189,0.206044,0.229721
0.02,190,0.205867,0.229602
0.02,191,0.205658,0.229459
0.02,192,0.205473,0.229343
0.02,193,0.205265,0.229236
0.02,194,0.205071,0.229096
0.02,195,0.204854,0.228996
0.02,196,0.20468,0.228885
0.02,197,0.204484,0.228787
0.02,198,0.20428,0.228649
0.02,199,0.204105,0.228544
0.02,200,0.203904,0.228399
0.02,201,0.203734,0.228293
0.02,202,0.20356,0.228179
0.02,203,0.203395,0.228127
0.02,204,0.203208,0.227992
0.02,205,0.20302,0.227918
0.02,206,0.202826,0.227788
0.02,207,0.202672,0.227682
0.02,208,0.202525,0.22761
0.02,209,0.202347,0.227485
0.02,210,0.20218,0.22742
0.02,211,0.20202,0.227337
0.02,212,0.201843,0.22724
0.02,213,0.201645,0.227158
0.02,214,0.201475,0.227038
0.02,215,0.201294,0.226911
0.02,216,0.201145,0.226826
0.02,217,0.200969,0.226711
0.02,218,0.200843,0.226637
0.02,219,0.200661,0.226517
0.02,220,0.200521,0.226424
0.02,221,0.200395,0.226354
0.02,222,0.200226,0.226251
0.02,223,0.200049,0.226138
0.02,224,0.199884,0.226037
0.02,225,0.199697,0.225896
0.02,226,0.199542,0.225796
0.02,227,0.199387,0.225712
0.02,228,0.199271,0.225676
0.02,229,0.199114,0.22558
0.02,230,0.198973,0.225482
0.02,231,0.198788,0.225355
0.02,232,0.198603,0.225232
0.02,233,0.198454,0.225127
0.02,234,0.19828,0.225014
0.02,235,0.198145,0.22494
0.02,236,0.197984,0.22483
0.02,237,0.197879,0.224765
0.02,238,0.197768,0.224701
0.02,239,0.19758,0.224571
0.02,240,0.197449,0.22449
0.02,241,0.197264,0.224362
0.02,242,0.19712,0.224273
0.02,243,0.197005,0.22421
0.02,244,0.196834,0.224089
0.02,245,0.196716,0.224031
0.02,246,0.196579,0.223941
0.02,247,0.19645,0.223857
0.02,248,0.196302,0.223759
0.02,249,0.196141,0.223647
0.02,250,0.196011,0.22359
0.02,251,0.19585,0.223476
0.02,252,0.195756,0.22342
0.02,253,0.195603,0.22332
0.02,254,0.195438,0.223224
0.02,255,0.195331,0.223164
0.02,256,0.195179,0.223063
0.02,257,0.195068,0.223021
0.02,258,0.194984,0.222989
0.02,259,0.194862,0.222905
0.02,260,0.194766,0.222871
0.02,261,0.194607,0.222777
0.02,262,0.194487,0.222719
0.02,263,0.194377,0.222676
0.02,264,0.194268,0.222603
0.02,265,0.194181,0.222542
0.02,266,0.194112,0.222517
0.02,267,0.194004,0.222439
0.02,268,0.193847,0.222345
0.02,269,0.193727,0.222284
0.02,270,0.193626,0.222216
0.02,271,0.193486,0.222125
0.02,272,0.193336,0.222023
0.02,273,0.19322,0.22196
0.02,274,0.193119,0.221896
0.02,275,0.192997,0.221825
0.02,276,0.192926,0.221777
0.02,277,0.192863,0.221746
0.02,278,0.192728,0.221661
0.02,279,0.192621,0.221607
0.02,280,0.192515,0.221553
0.02,281,0.192363,0.221466
0.02,282,0.192289,0.221417
0.02,283,0.192204,0.221362
0.02,284,0.192133,0.221322
0.02,285,0.192041,0.221267
0.02,286,0.191933,0.221197
0.02,287,0.1918,0.221109
0.02,288,0.191695,0.221047
0.02,289,0.191587,0.22097
0.02,290,0.191511,0.220939
0.02,291,0.191394,0.220865
0.02,292,0.191337,0.220835
0.02,293,0.191266,0.220796
0.02,294,0.191127,0.220739
0.02,295,0.191032,0.220678
0.02,296,0.190949,0.220627
0.02,297,0.190826,0.220575
0.02,298,0.190753,0.220549
0.02,299,0.19063,0.220473
0.02,300,0.190566,0.22043
0.02,301,0.190454,0.220365
0.02,302,0.19035,0.220306
0.02,303,0.190252,0.220254
0.02,304,0.190138,0.22018
0.02,305,0.190067,0.220136
0.02,306,0.189986,0.220087
0.02,307,0.189939,0.220064
0.02,308,0.189864,0.220014
0.02,309,0.189741,0.21995
0.02,310,0.189648,0.219881
0.02,311,0.189568,0.219832
0.02,312,0.189516,0.219788
0.02,313,0.18941,0.219753
0.02,314,0.189271,0.21965
0.02,315,0.189172,0.219592
0.02,316,0.18911,0.219551
0.02,317,0.189027,0.219507
0.02,318,0.188937,0.219462
0.02,319,0.188824,0.219392
0.02,320,0.188777,0.219376
0.02,321,0.188671,0.219317
0.02,322,0.188612,0.219277
0.02,323,0.188489,0.219189
0.02,324,0.18839,0.219122
0.02,325,0.188313,0.219077
0.02,326,0.188252,0.219044
0.02,327,0.188187,0.21899
0.02,328,0.188097,0.218936
0.02,329,0.188001,0.218873
0.02,330,0.187952,0.21885
0.02,331,0.187876,0.218805
0.02,332,0.187782,0.218766
0.02,333,0.187701,0.218716
0.02,334,0.187629,0.218667
0.02,335,0.187519,0.218588
0.02,336,0.187428,0.218588
0.02,337,0.187328,0.218518
0.02,338,0.187236,0.218457
0.02,339,0.187177,0.218422
0.02,340,0.187117,0.218385
0.02,341,0.186999,0.218307
0.02,342,0.186903,0.218236
0.02,343,0.186825,0.218197
0.02,344,0.186706,0.218139
0.02,345,0.186623,0.218093
0.02,346,0.186545,0.218048
0.02,347,0.186491,0.21802
0.02,348,0.186414,0.217982
0.02,349,0.18633,0.21793
0.02,350,0.186211,0.21787
0.02,351,0.186149,0.217824
0.02,352,0.186075,0.217779
0.02,353,0.185973,0.217712
0.02,354,0.185895,0.21766
0.02,355,0.185846,0.217622
0.02,356,0.185754,0.217571
0.02,357,0.185679,0.217521
0.02,358,0.185601,0.217474
0.02,359,0.185541,0.217427
0.02,360,0.185429,0.217383
0.02,361,0.185351,0.217318
0.02,362,0.1853,0.217297
0.02,363,0.185233,0.217256
0.02,364,0.185136,0.217223
0.02,365,0.185062,0.21718
0.02,366,0.184992,0.217147
0.02,367,0.184905,0.217089
0.02,368,0.18484,0.217035
0.02,369,0.184756,0.216975
0.02,370,0.184687,0.21695
0.02,371,0.184635,0.216923
0.02,372,0.184541,0.216879
0.02,373,0.184446,0.216821
0.02,374,0.184398,0.216791
0.02,375,0.184331,0.216747
0.02,376,0.184242,0.216685
0.02,377,0.18419,0.216648
0.02,378,0.184057,0.216578
0.02,379,0.183868,0.216439
0.02,380,0.183816,0.216398
0.02,381,0.183761,0.216372
0.02,382,0.183709,0.216346
0.02,383,0.1836,0.216294
0.02,384,0.183539,0.216256
0.02,385,0.183506,0.216234
0.02,386,0.183324,0.216103
0.02,387,0.183241,0.216045
0.02,388,0.183195,0.216012
0.02,389,0.183097,0.215964
0.02,390,0.183017,0.215902
0.02,391,0.182953,0.21586
0.02,392,0.182896,0.215835
0.02,393,0.182819,0.2158
0.02,394,0.18275,0.215749
0.02,395,0.182681,0.215701
0.02,396,0.182617,0.215661
0.02,397,0.182515,0.215597
0.02,398,0.182471,0.21558
0.02,399,0.182384,0.215538
0.02,400,0.182319,0.215501
0.02,401,0.182277,0.215483
0.02,402,0.182247,0.215468
0.02,403,0.182181,0.215431
0.02,404,0.182097,0.215377
0.02,405,0.182014,0.215325
0.02,406,0.181962,0.215294
0.02,407,0.181913,0.215259
0.02,408,0.181853,0.215244
0.02,409,0.181789,0.215198
0.02,410,0.181686,0.215124
0.02,411,0.181636,0.215088
0.02,412,0.181607,0.215068
0.02,413,0.181542,0.215022
0.02,414,0.1815,0.214994
0.02,415,0.181465,0.214981
0.02,416,0.181409,0.214943
0.02,417,0.181351,0.214914
0.02,418,0.181258,0.214845
0.02,419,0.181166,0.214784
0.02,420,0.181088,0.21475
0.02,421,0.181036,0.214731
0.02,422,0.180971,0.214682
0.02,423,0.180922,0.214652
0.02,424,0.180857,0.214606
0.02,425,0.1808,0.214575
0.02,426,0.18075,0.214539
0.02,427,0.180695,0.214512
0.02,428,0.180668,0.214509
0.02,429,0.180614,0.214472
0.02,430,0.180557,0.214441
0.02,431,0.180508,0.214406
0.02,432,0.180433,0.214381
0.02,433,0.180337,0.214314
0.02,434,0.18025,0.214252
0.02,435,0.18019,0.214215
0.02,436,0.1801,0.214152
0.02,437,0.180067,0.214126
0.02,438,0.180022,0.214098
0.02,439,0.179968,0.214066
0.02,440,0.179916,0.21403
0.02,441,0.179886,0.214017
0.02,442,0.179847,0.213989
0.02,443,0.179797,0.213966
0.02,444,0.179746,0.213945
0.02,445,0.179647,0.21389
0.02,446,0.179565,0.213832
0.02,447,0.179514,0.213818
0.02,448,0.179475,0.213821
0.02,449,0.179433,0.213795
0.02,450,0.179373,0.213775
0.02,451,0.179226,0.213668
0.02,452,0.179141,0.213609
0.02,453,0.179102,0.213589
0.02,454,0.179068,0.21357
0.02,455,0.179037,0.213551
0.02,456,0.178984,0.213531
0.02,457,0.178944,0.213513
0.02,458,0.178882,0.213462
0.02,459,0.178837,0.213446
0.02,460,0.17877,0.213426
0.02,461,0.178691,0.213371
0.02,462,0.178659,0.213353
0.02,463,0.178627,0.213332
0.02,464,0.178577,0.21331
0.02,465,0.178551,0.213305
0.02,466,0.178477,0.213258
0.02,467,0.17842,0.213229
0.02,468,0.178394,0.213209
0.02,469,0.178354,0.213193
0.02,470,0.178316,0.213171
0.02,471,0.178259,0.213134
0.02,472,0.178214,0.213104
0.02,473,0.17816,0.213069
0.02,474,0.17813,0.213063
0.02,475,0.178101,0.213046
0.02,476,0.17805,0.213014
0.02,477,0.178014,0.212995
0.02,478,0.177974,0.212968
0.02,479,0.177924,0.212939
0.02,480,0.177875,0.21292
0.02,481,0.17785,0.212918
0.02,482,0.177806,0.212911
0.02,483,0.177734,0.21287
0.02,484,0.177696,0.212849
0.02,485,0.17762,0.212814
0.02,486,0.177486,0.212729
0.02,487,0.177423,0.212682
0.02,488,0.177372,0.212645
0.02,489,0.177319,0.212622
0.02,490,0.177295,0.212602
0.02,491,0.177224,0.212552
0.02,492,0.177164,0.212518
0.02,493,0.177118,0.21249
0.02,494,0.176999,0.212412
0.02,495,0.176964,0.212392
0.02,496,0.17691,0.212358
0.02,497,0.176888,0.212354
0.02,498,0.176865,0.212349
0.02,499,0.176796,0.212309
0.02,500,0.176748,0.212284
0.02,501,0.176682,0.212247
0.02,502,0.176634,0.212227
0.02,503,0.176604,0.212229
0.02,504,0.176543,0.212184
0.02,505,0.176434,0.212122
0.02,506,0.176387,0.212091
0.02,507,0.176349,0.212058
0.02,508,0.176312,0.212033
0.02,509,0.176293,0.212023
0.02,510,0.176273,0.212011
0.02,511,0.176233,0.212001
0.02,512,0.176203,0.211985
0.02,513,0.176155,0.211964
0.02,514,0.176099,0.211947
0.02,515,0.17606,0.211927
0.02,516,0.176016,0.211897
0.02,517,0.175968,0.211882
0.02,518,0.175923,0.211861
0.02,519,0.175875,0.211833
0.02,520,0.175842,0.211819
0.02,521,0.175806,0.211827
0.02,522,0.175712,0.211754
0.02,523,0.175654,0.211717
0.02,524,0.175623,0.211705
0.02,525,0.175594,0.211686
0.02,526,0.175528,0.21165
0.02,527,0.175504,0.211631
0.02,528,0.175488,0.211631
0.02,529,0.17542,0.211592
0.02,530,0.175364,0.211562
0.02,531,0.175255,0.211491
0.02,532,0.175172,0.211431
0.02,533,0.175124,0.2114
0.02,534,0.175096,0.211381
0.02,535,0.175069,0.211368
0.02,536,0.175038,0.211349
0.02,537,0.175012,0.211355
0.02,538,0.174926,0.211289
0.02,539,0.174885,0.211265
0.02,540,0.174856,0.211251
0.02,541,0.174828,0.21124
0.02,542,0.174809,0.211231
0.02,543,0.174779,0.211226
0.02,544,0.174709,0.211182
0.02,545,0.174679,0.211161
0.02,546,0.17463,0.21113
0.02,547,0.174561,0.211082
0.02,548,0.174531,0.211074
0.02,549,0.174508,0.211068
0.02,550,0.174449,0.211039
0.02,551,0.174398,0.211017
0.02,552,0.174366,0.210996
0.02,553,0.174321,0.210971
0.02,554,0.17423,0.210919
0.02,555,0.174198,0.210903
0.02,556,0.17415,0.210884
0.02,557,0.174094,0.210864
0.02,558,0.174061,0.210847
0.02,559,0.174025,0.210821
0.02,560,0.173983,0.210798
0.02,561,0.173939,0.210776
0.02,562,0.173922,0.210775
0.02,563,0.173878,0.21075
0.02,564,0.173846,0.210731
0.02,565,0.173814,0.210713
0.02,566,0.173773,0.210701
0.02,567,0.173716,0.210675
0.02,568,0.173666,0.210642
0.02,569,0.17364,0.210625
0.02,570,0.173576,0.210584
0.02,571,0.173481,0.210532
0.02,572,0.173455,0.210518
0.02,573,0.173394,0.210485
0.02,574,0.173375,0.210472
0.02,575,0.173345,0.210461
0.02,576,0.173264,0.210445
0.02,577,0.173217,0.210414
0.02,578,0.173175,0.210386
0.02,579,0.173144,0.210368
0.02,580,0.173085,0.210333
0.02,581,0.173053,0.210317
0.02,582,0.173021,0.210302
0.02,583,0.172984,0.210281
0.02,584,0.172934,0.21025
0.02,585,0.172911,0.210238
0.02,586,0.172891,0.210242
0.02,587,0.172849,0.210219
0.02,588,0.172771,0.210163
0.02,589,0.172747,0.210143
0.02,590,0.172708,0.210112
0.02,591,0.172611,0.21006
0.02,592,0.172542,0.210022
0.02,593,0.172495,0.210002
0.02,594,0.172449,0.209974
0.02,595,0.172406,0.209955
0.02,596,0.172379,0.209941
0.02,597,0.172345,0.209924
0.02,598,0.172268,0.209888
0.02,599,0.172227,0.20987
0.02,600,0.17213,0.209811
0.02,601,0.172111,0.209798
0.02,602,0.172087,0.209786
0.02,603,0.172051,0.209764
0.02,604,0.172006,0.209756
0.02,605,0.171977,0.209747
0.02,606,0.171936,0.20972
0.02,607,0.1719,0.209701
0.02,608,0.17186,0.209683
0.02,609,0.171807,0.209658
0.02,610,0.171766,0.209646
0.02,611,0.171708,0.209605
0.02,612,0.171661,0.209573
0.02,613,0.171645,0.209567
0.02,614,0.171623,0.209562
0.02,615,0.171568,0.209528
0.02,616,0.171534,0.209514
0.02,617,0.171502,0.209494
0.02,618,0.171462,0.209491
0.02,619,0.171429,0.20947
0.02,620,0.171379,0.209448
0.02,621,0.171341,0.209436
0.02,622,0.171254,0.209403
0.02,623,0.171209,0.209374
0.02,624,0.171193,0.209373
0.02,625,0.171162,0.209358
0.02,626,0.171132,0.209349
0.02,627,0.171103,0.209344
0.02,628,0.171074,0.209338
0.02,629,0.171019,0.2093
0.02,630,0.170968,0.209276
0.02,631,0.17093,0.209256
0.02,632,0.170892,0.209231
0.02,633,0.17085,0.209206
0.02,634,0.170815,0.209199
0.02,635,0.170785,0.209218
0.02,636,0.170752,0.2092
0.02,637,0.170721,0.209184
0.02,638,0.170704,0.209181
0.02,639,0.170676,0.209167
0.02,640,0.170643,0.209161
0.02,641,0.170596,0.209144
0.02,642,0.170566,0.209142
0.02,643,0.170535,0.209127
0.02,644,0.170483,0.209116
0.02,645,0.170458,0.209099
0.02,646,0.170423,0.209079
0.02,647,0.170389,0.209069
0.02,648,0.170363,0.209055
0.02,649,0.170284,0.209015
0.02,650,0.170245,0.208993
0.02,651,0.17021,0.208975
0.02,652,0.170165,0.208952
0.02,653,0.17014,0.208936
0.02,654,0.170108,0.208925
0.02,655,0.17009,0.208914
0.02,656,0.170019,0.208882
0.02,657,0.169982,0.208883
0.02,658,0.169938,0.208857
0.02,659,0.169908,0.208834
0.02,660,0.169869,0.208813
0.02,661,0.169844,0.208798
0.02,662,0.169815,0.208797
0.02,663,0.169801,0.208785
0.02,664,0.169739,0.208754
0.02,665,0.169707,0.208742
0.02,666,0.169688,0.208732
0.02,667,0.169638,0.208711
0.02,668,0.169603,0.208687
0.02,669,0.169562,0.208678
0.02,670,0.169541,0.208665
0.02,671,0.169464,0.208631
0.02,672,0.16945,0.208629
0.02,673,0.169416,0.208634
0.02,674,0.169388,0.208627
0.02,675,0.169367,0.208628
0.02,676,0.169343,0.208619
0.02,677,0.169297,0.208591
0.02,678,0.169253,0.208571
0.02,679,0.16919,0.208535
0.02,680,0.169176,0.208525
0.02,681,0.169152,0.208516
0.02,682,0.169089,0.208497
0.02,683,0.169054,0.208488
0.02,684,0.169021,0.208471
0.02,685,0.168996,0.208459
0.02,686,0.168946,0.20844
0.02,687,0.168912,0.208415
0.02,688,0.168869,0.20842
0.02,689,0.168828,0.208403
0.02,690,0.168804,0.208389
0.02,691,0.168767,0.208368
0.02,692,0.168721,0.208372
0.02,693,0.168699,0.208362
0.02,694,0.168676,0.208352
0.02,695,0.168653,0.208335
0.02,696,0.16863,0.208323
0.02,697,0.168596,0.208317
0.02,698,0.168565,0.208301
0.02,699,0.168513,0.208282
0.02,700,0.168476,0.208259
0.02,701,0.168449,0.208246
0.02,702,0.168432,0.208245
0.02,703,0.168397,0.208224
0.02,704,0.168361,0.208207
0.02,705,0.168338,0.208195
0.02,706,0.168289,0.208197
0.02,707,0.168273,0.208192
0.02,708,0.168226,0.208186
0.02,709,0.168199,0.20817
0.02,710,0.168184,0.20816
0.02,711,0.16815,0.208149
0.02,712,0.168128,0.208137
0.02,713,0.168093,0.208136
0.02,714,0.168047,0.208136
0.02,715,0.168012,0.208134
0.02,716,0.167978,0.208112
0.02,717,0.16795,0.208111
0.02,718,0.167914,0.208094
0.02,719,0.167866,0.208067
0.02,720,0.167844,0.208058
0.02,721,0.167806,0.20804
0.02,722,0.167742,0.20801
0.02,723,0.167679,0.207974
0.02,724,0.167652,0.207964
0.02,725,0.167629,0.208007
0.02,726,0.167602,0.207993
0.02,727,0.167572,0.207983
0.02,728,0.167549,0.207979
0.02,729,0.167491,0.207957
0.02,730,0.167431,0.207912
0.02,731,0.167398,0.207894
0.02,732,0.167345,0.207877
0.02,733,0.167309,0.207878
0.02,734,0.167274,0.20786
0.02,735,0.16723,0.207838
0.02,736,0.167204,0.207831
0.02,737,0.167185,0.207825
0.02,738,0.167171,0.207824
0.02,739,0.167127,0.207805
0.02,740,0.16711,0.207795
0.02,741,0.167073,0.207775
0.02,742,0.167027,0.207747
0.02,743,0.167006,0.207742
0.02,744,0.166966,0.207741
0.02,745,0.166922,0.207727
0.02,746,0.166873,0.207699
0.02,747,0.166828,0.207681
0.02,748,0.166803,0.207671
0.02,749,0.166773,0.207657
0.02,750,0.16673,0.207646
0.02,751,0.166693,0.20763
0.02,752,0.166655,0.207608
0.02,753,0.166634,0.207597
0.02,754,0.166618,0.207588
0.02,755,0.166582,0.207579
0.02,756,0.166567,0.207574
0.02,757,0.166543,0.207575
0.02,758,0.166513,0.207557
0.02,759,0.166477,0.207553
0.02,760,0.166434,0.207522
0.02,761,0.166405,0.207534
0.02,762,0.166377,0.207517
0.02,763,0.16636,0.20751
0.02,764,0.166315,0.207484
0.02,765,0.166277,0.207463
0.02,766,0.166258,0.207456
0.02,767,0.166196,0.207444
0.02,768,0.16616,0.20743
0.02,769,0.166143,0.207437
0.02,770,0.166107,0.207416
0.02,771,0.166063,0.207406
0.02,772,0.166055,0.207403
0.02,773,0.166038,0.207396
0.02,774,0.166018,0.207391
0.02,775,0.165971,0.20738
0.02,776,0.165915,0.207344
0.02,777,0.165879,0.207323
0.02,778,0.165852,0.207307
0.02,779,0.165828,0.207296
0.02,780,0.165806,0.207326
0.02,781,0.165774,0.20731
0.02,782,0.165743,0.207291
0.02,783,0.165728,0.207282
0.02,784,0.165697,0.207267
0.02,785,0.165662,0.207249
0.02,786,0.165641,0.207254
0.02,787,0.165606,0.207235
0.02,788,0.165597,0.207235
0.02,789,0.16558,0.207226
0.02,790,0.165524,0.207189
0.02,791,0.165514,0.20719
0.02,792,0.165488,0.207177
0.02,793,0.16546,0.207168
0.02,794,0.165423,0.207164
0.02,795,0.165395,0.207144
0.02,796,0.165376,0.207146
0.02,797,0.165353,0.207154
0.02,798,0.165343,0.207166
0.02,799,0.165318,0.207173
0.02,800,0.165301,0.207175
0.02,801,0.165293,0.207174
0.02,802,0.165261,0.207164
0.02,803,0.165236,0.207151
0.02,804,0.165205,0.207134
0.02,805,0.165182,0.207132
0.02,806,0.165168,0.207125
0.02,807,0.165129,0.207121
0.02,808,0.165113,0.207119
0.02,809,0.165086,0.207117
0.02,810,0.165068,0.207108
0.02,811,0.165012,0.207074
0.02,812,0.164977,0.207055
0.02,813,0.164968,0.20706
0.02,814,0.164928,0.207026
0.02,815,0.164895,0.207013
0.02,816,0.164884,0.207009
0.02,817,0.164846,0.20698
0.02,818,0.164813,0.206957
0.02,819,0.164794,0.206949
0.02,820,0.164767,0.206932
0.02,821,0.164718,0.206936
0.02,822,0.164698,0.206929
0.02,823,0.164666,0.206906
0.02,824,0.16463,0.206893
0.02,825,0.164583,0.206867
0.02,826,0.164541,0.20687
0.02,827,0.164516,0.206855
0.02,828,0.164481,0.20684
0.02,829,0.164456,0.206831
0.02,830,0.164447,0.206845
0.02,831,0.16442,0.20683
0.02,832,0.164368,0.206801
0.02,833,0.16434,0.206793
0.02,834,0.164312,0.206794
0.02,835,0.16429,0.206784
0.02,836,0.164276,0.206778
0.02,837,0.16424,0.206755
0.02,838,0.164218,0.206744
0.02,839,0.164166,0.206707
0.02,840,0.164115,0.206679
0.02,841,0.164086,0.206669
0.02,842,0.164073,0.206669
0.02,843,0.164052,0.206669
0.02,844,0.164044,0.206682
0.02,845,0.164018,0.206682
0.02,846,0.163997,0.206673
0.02,847,0.163957,0.206655
0.02,848,0.163925,0.206655
0.02,849,0.163897,0.206645
0.02,850,0.163868,0.206626
0.02,851,0.163842,0.206615
0.02,852,0.163816,0.206596
0.02,853,0.163792,0.206582
0.02,854,0.163771,0.206575
0.02,855,0.163759,0.20657
0.02,856,0.163743,0.206569
0.02,857,0.163719,0.206565
0.02,858,0.163689,0.206545
0.02,859,0.163652,0.206527
0.02,860,0.163625,0.20651
0.02,861,0.163601,0.206509
0.02,862,0.163585,0.2065
0.02,863,0.163573,0.206508
0.02,864,0.163506,0.206462
0.02,865,0.163482,0.206454
0.02,866,0.163475,0.206451
0.02,867,0.163451,0.206452
0.02,868,0.16342,0.206437
0.02,869,0.163386,0.206424
0.02,870,0.163377,0.206436
0.02,871,0.163356,0.206425
0.02,872,0.163325,0.206416
0.02,873,0.1633,0.206407
0.02,874,0.163258,0.206376
0.02,875,0.163214,0.206358
0.02,876,0.16317,0.206331
0.02,877,0.163135,0.206323
0.02,878,0.163108,0.206316
0.02,879,0.163065,0.20628
0.02,880,0.163043,0.206265
0.02,881,0.163027,0.206262
0.02,882,0.163004,0.20625
0.02,883,0.162994,0.206249
0.02,884,0.162971,0.206235
0.02,885,0.162949,0.206241
0.02,886,0.162925,0.206233
0.02,887,0.162881,0.206219
0.02,888,0.162855,0.206197
0.02,889,0.162834,0.20619
0.02,890,0.162807,0.206181
0.02,891,0.162789,0.20617
0.02,892,0.162756,0.206177
0.02,893,0.162721,0.206148
0.02,894,0.162681,0.206119
0.02,895,0.162654,0.206108
0.02,896,0.162615,0.206092
0.02,897,0.162606,0.20609
0.02,898,0.162594,0.206084
0.02,899,0.162532,0.20605
0.02,900,0.162503,0.206041
0.02,901,0.162471,0.206027
0.02,902,0.162447,0.206017
0.02,903,0.16242,0.205997
0.02,904,0.162358,0.205957
0.02,905,0.162322,0.20594
0.02,906,0.162309,0.205935
0.02,907,0.162289,0.20593
0.02,908,0.162265,0.205922
0.02,909,0.162246,0.20591
0.02,910,0.162201,0.205902
0.02,911,0.162171,0.20588
0.02,912,0.162137,0.205856
0.02,913,0.162127,0.205868
0.02,914,0.162101,0.205849
0.02,915,0.162063,0.205832
0.02,916,0.16204,0.205817
0.02,917,0.162024,0.205805
0.02,918,0.162009,0.205797
0.02,919,0.161955,0.205749
0.02,920,0.16193,0.205733
0.02,921,0.161908,0.205726
0.02,922,0.161888,0.205723
0.02,923,0.161869,0.205715
0.02,924,0.161837,0.205726
0.02,925,0.16181,0.205714
0.02,926,0.16179,0.205706
0.02,927,0.16177,0.205701
0.02,928,0.161722,0.205677
0.02,929,0.161663,0.20564
0.02,930,0.161659,0.205638
0.02,931,0.16164,0.205623
0.02,932,0.161619,0.205615
0.02,933,0.161604,0.205613
0.02,934,0.161566,0.205579
0.02,935,0.16155,0.20557
0.02,936,0.161479,0.205534
0.02,937,0.161452,0.20554
0.02,938,0.16143,0.205531
0.02,939,0.161401,0.205519
0.02,940,0.161379,0.205512
0.02,941,0.161343,0.205514
0.02,942,0.161318,0.205501
0.02,943,0.161261,0.205462
0.02,944,0.161234,0.205454
0.02,945,0.161215,0.205447
0.02,946,0.161198,0.205439
0.02,947,0.161129,0.205395
0.02,948,0.161102,0.205388
0.02,949,0.161075,0.205375
0.02,950,0.161066,0.20537
0.02,951,0.161049,0.205365
0.02,952,0.161024,0.205366
0.02,953,0.161013,0.205362
0.02,954,0.160982,0.205362
0.02,955,0.16095,0.205358
0.02,956,0.160906,0.205331
0.02,957,0.160874,0.205305
0.02,958,0.160837,0.205288
0.02,959,0.160829,0.205283
0.02,960,0.160786,0.205271
0.02,961,0.160767,0.205266
0.02,962,0.160745,0.205266
0.02,963,0.160718,0.205271
0.02,964,0.160696,0.205262
0.02,965,0.160674,0.205254
0.02,966,0.160665,0.205255
0.02,967,0.160644,0.205245
0.02,968,0.160619,0.205238
0.02,969,0.160593,0.205225
0.02,970,0.160544,0.205192
0.02,971,0.160497,0.205159
0.02,972,0.160478,0.205158
0.02,973,0.160464,0.205165
0.02,974,0.160434,0.205166
0.02,975,0.160419,0.20516
0.02,976,0.160392,0.205143
0.02,977,0.160385,0.205153
0.02,978,0.160366,0.205141
0.02,979,0.160344,0.20513
0.02,980,0.160332,0.205128
0.02,981,0.160298,0.205122
0.02,982,0.160275,0.20511
0.02,983,0.160196,0.205051
0.02,984,0.160182,0.205044
0.02,985,0.160171,0.20504
0.02,986,0.16014,0.205029
0.02,987,0.160107,0.205009
0.02,988,0.160078,0.204998
0.02,989,0.160068,0.204995
0.02,990,0.160048,0.204994
0.02,991,0.160011,0.204968
0.02,992,0.159977,0.20494
0.02,993,0.159933,0.204908
0.02,994,0.159896,0.204895
0.02,995,0.159889,0.20489
0.02,996,0.159825,0.204864
0.02,997,0.159802,0.204864
0.02,998,0.15975,0.204831
0.02,999,0.159732,0.204828
0.02,1000,0.159711,0.204823
0.1,1,0.516637,0.515697
0.1,2,0.479256,0.478692
0.1,3,0.446773,0.446615
0.1,4,0.417166,0.41763
0.1,5,0.392307,0.393333
0.1,6,0.369774,0.371569
0.1,7,0.35077,0.353216
0.1,8,0.333341,0.336675
0.1,9,0.318672,0.322703
0.1,10,0.305799,0.310761
0.1,11,0.294464,0.300512
0.1,12,0.284971,0.291835
0.1,13,0.276471,0.284302
0.1,14,0.268985,0.277724
0.1,15,0.262129,0.271775
0.1,16,0.256136,0.266468
0.1,17,0.251058,0.262185
0.1,18,0.246454,0.258286
0.1,19,0.242225,0.254906
0.1,20,0.238456,0.251845
0.1,21,0.235387,0.249289
0.1,22,0.23247,0.247131
0.1,23,0.230004,0.245406
0.1,24,0.22756,0.243533
0.1,25,0.225311,0.241714
0.1,26,0.223375,0.24044
0.1,27,0.221257,0.238826
0.1,28,0.219498,0.237461
0.1,29,0.217608,0.236046
0.1,30,0.215804,0.235021
0.1,31,0.214336,0.234049
0.1,32,0.212985,0.23306
0.1,33,0.211668,0.232411
0.1,34,0.209839,0.231199
0.1,35,0.20875,0.23068
0.1,36,0.207806,0.230052
0.1,37,0.206855,0.22943
0.1,38,0.206066,0.228949
0.1,39,0.205036,0.22823
0.1,40,0.204148,0.227775
0.1,41,0.203451,0.227337
0.1,42,0.202651,0.226868
0.1,43,0.201756,0.226285
0.1,44,0.200809,0.225644
0.1,45,0.200046,0.225154
0.1,46,0.19938,0.22475
0.1,47,0.198545,0.224205
0.1,48,0.198004,0.224042
0.1,49,0.197414,0.223642
0.1,50,0.196677,0.223116
0.1,51,0.196051,0.222723
0.1,52,0.195443,0.22243
0.1,53,0.194992,0.22211
0.1,54,0.194687,0.221949
0.1,55,0.194012,0.221602
0.1,56,0.193325,0.221183
0.1,57,0.192601,0.220722
0.1,58,0.192145,0.220571
0.1,59,0.191833,0.220401
0.1,60,0.191345,0.220106
0.1,61,0.190908,0.219822
0.1,62,0.190219,0.219316
0.1,63,0.189968,0.219193
0.1,64,0.189369,0.218808
0.1,65,0.189106,0.218651
0.1,66,0.188555,0.218447
0.1,67,0.188025,0.2181
0.1,68,0.187703,0.217913
0.1,69,0.187149,0.217544
0.1,70,0.186884,0.217357
0.1,71,0.186393,0.217032
0.1,72,0.186166,0.216848
0.1,73,0.185851,0.216646
0.1,74,0.185533,0.216481
0.1,75,0.185295,0.216332
0.1,76,0.184979,0.216122
0.1,77,0.184567,0.215938
0.1,78,0.184113,0.215654
0.1,79,0.183969,0.215623
0.1,80,0.183703,0.215514
0.1,81,0.183397,0.215291
0.1,82,0.18282,0.214868
0.1,83,0.182608,0.214698
0.1,84,0.18231,0.21452
0.1,85,0.181873,0.214286
0.1,86,0.181315,0.213995
0.1,87,0.181002,0.21378
0.1,88,0.180587,0.213495
0.1,89,0.180278,0.213286
0.1,90,0.180007,0.213136
0.1,91,0.179705,0.212993
0.1,92,0.179436,0.212874
0.1,93,0.179323,0.212838
0.1,94,0.179021,0.212731
0.1,95,0.17874,0.212538
0.1,96,0.178368,0.212416
0.1,97,0.178212,0.212327
0.1,98,0.177926,0.212151
0.1,99,0.177755,0.212049
0.1,100,0.177502,0.211883
0.1,101,0.177146,0.211681
0.1,102,0.176999,0.21164
0.1,103,0.17665,0.211525
0.1,104,0.176542,0.21154
0.1,105,0.176247,0.211355
0.1,106,0.175991,0.211309
0.1,107,0.175659,0.211127
0.1,108,0.175,0.210627
0.1,109,0.17471,0.210493
0.1,110,0.174505,0.210376
0.1,111,0.174173,0.210182
0.1,112,0.17395,0.210021
0.1,113,0.173646,0.209891
0.1,114,0.173486,0.209838
0.1,115,0.173306,0.209742
0.1,116,0.173157,0.209662
0.1,117,0.173015,0.209603
0.1,118,0.172876,0.209572
0.1,119,0.172613,0.209392
0.1,120,0.172358,0.209274
0.1,121,0.172213,0.209318
0.1,122,0.171777,0.20918
0.1,123,0.171606,0.209128
0.1,124,0.171464,0.209062
0.1,125,0.171317,0.208989
0.1,126,0.171201,0.208963
0.1,127,0.171042,0.20885
0.1,128,0.170918,0.20879
0.1,129,0.170588,0.208587
0.1,130,0.170347,0.208473
0.1,131,0.17018,0.208402
0.1,132,0.169859,0.208166
0.1,133,0.169705,0.208091
0.1,134,0.169583,0.207997
0.1,135,0.16942,0.208017
0.1,136,0.169308,0.207921
0.1,137,0.169161,0.207829
0.1,138,0.169097,0.207904
0.1,139,0.168922,0.207804
0.1,140,0.168775,0.207774
0.1,141,0.168522,0.207659
0.1,142,0.168317,0.207507
0.1,143,0.168153,0.207484
0.1,144,0.168032,0.207436
0.1,145,0.167716,0.20724
0.1,146,0.167506,0.207297
0.1,147,0.167291,0.207419
0.1,148,0.167181,0.207376
0.1,149,0.166975,0.207289
0.1,150,0.166766,0.20719
0.1,151,0.166628,0.20721
0.1,152,0.166556,0.207223
0.1,153,0.166396,0.207157
0.1,154,0.166318,0.207134
0.1,155,0.166092,0.207022
0.1,156,0.165997,0.207079
0.1,157,0.165893,0.207022
0.1,158,0.165669,0.206887
0.1,159,0.16549,0.206816
0.1,160,0.165256,0.206736
0.1,161,0.164916,0.206511
0.1,162,0.164758,0.206405
0.1,163,0.164494,0.206309
0.1,164,0.164371,0.206238
0.1,165,0.164211,0.206192
0.1,166,0.164162,0.206161
0.1,167,0.164105,0.206119
0.1,168,0.163992,0.206079
0.1,169,0.16378,0.206054
0.1,170,0.163702,0.206112
0.1,171,0.163503,0.206108
0.1,172,0.163336,0.206026
0.1,173,0.163174,0.205936
0.1,174,0.163084,0.205937
0.1,175,0.162953,0.20586
0.1,176,0.162781,0.205763
0.1,177,0.162561,0.205657
0.1,178,0.162531,0.205647
0.1,179,0.162292,0.205466
0.1,180,0.162184,0.205535
0.1,181,0.162008,0.205441
0.1,182,0.161872,0.205404
0.1,183,0.161759,0.205442
0.1,184,0.161569,0.205344
0.1,185,0.161339,0.20529
0.1,186,0.161268,0.205288
0.1,187,0.161124,0.205208
0.1,188,0.161052,0.205175
0.1,189,0.160914,0.205099
0.1,190,0.160788,0.205024
0.1,191,0.160615,0.204931
0.1,192,0.16056,0.204912
0.1,193,0.160408,0.204885
0.1,194,0.160332,0.204846
0.1,195,0.160252,0.204801
0.1,196,0.160153,0.204762
0.1,197,0.160036,0.204672
0.1,198,0.159917,0.204654
0.1,199,0.159723,0.204558
0.1,200,0.159644,0.204508
0.1,201,0.159468,0.204398
0.1,202,0.159381,0.204392
0.1,203,0.159298,0.204348
0.1,204,0.159258,0.204468
0.1,205,0.159136,0.204448
0.1,206,0.158974,0.204363
0.1,207,0.15886,0.204395
0.1,208,0.158666,0.204302
0.1,209,0.158504,0.204192
0.1,210,0.158445,0.204184
0.1,211,0.158295,0.204116
0.1,212,0.158124,0.204016
0.1,213,0.158087,0.204043
0.1,214,0.157907,0.203938
0.1,215,0.157841,0.203888
0.1,216,0.157725,0.203924
0.1,217,0.157667,0.204005
0.1,218,0.157645,0.203999
0.1,219,0.157529,0.203945
0.1,220,0.157439,0.203905
0.1,221,0.157129,0.2037
0.1,222,0.156994,0.203622
0.1,223,0.156844,0.203633
0.1,224,0.156719,0.203602
0.1,225,0.15649,0.203497
0.1,226,0.156376,0.203598
0.1,227,0.156324,0.20359
0.1,228,0.156173,0.203532
0.1,229,0.156067,0.203486
0.1,230,0.155974,0.203467
0.1,231,0.155869,0.203421
0.1,232,0.155761,0.203448
0.1,233,0.15567,0.20345
0.1,234,0.155542,0.203425
0.1,235,0.155495,0.203509
0.1,236,0.155372,0.203495
0.1,237,0.155263,0.203478
0.1,238,0.155036,0.20339
0.1,239,0.154805,0.203267
0.1,240,0.154561,0.203088
0.1,241,0.154469,0.203037
0.1,242,0.15436,0.203006
0.1,243,0.15429,0.203033
0.1,244,0.154236,0.203086
0.1,245,0.154047,0.202963
0.1,246,0.153997,0.20297
0.1,247,0.153879,0.202901
0.1,248,0.153763,0.202941
0.1,249,0.153716,0.202924
0.1,250,0.153481,0.202861
0.1,251,0.153407,0.202864
0.1,252,0.153274,0.202832
0.1,253,0.153213,0.202806
0.1,254,0.152883,0.202611
0.1,255,0.152722,0.202528
0.1,256,0.152597,0.202475
0.1,257,0.152324,0.202287
0.1,258,0.152091,0.202173
0.1,259,0.151919,0.202111
0.1,260,0.151878,0.20213
0.1,261,0.151755,0.202081
0.1,262,0.15163,0.201999
0.1,263,0.151427,0.201909
0.1,264,0.151337,0.201907
0.1,265,0.151232,0.201862
0.1,266,0.151198,0.201864
0.1,267,0.151112,0.201836
0.1,268,0.151,0.201788
0.1,269,0.150886,0.201741
0.1,270,0.150851,0.201727
0.1,271,0.150784,0.2017
0.1,272,0.150643,0.201676
0.1,273,0.150564,0.201639
0.1,274,0.150448,0.201586
0.1,275,0.150397,0.201597
0.1,276,0.15026,0.201538
0.1,277,0.150177,0.201536
0.1,278,0.150047,0.201564
0.1,279,0.149843,0.201505
0.1,280,0.149786,0.20151
0.1,281,0.149735,0.20151
0.1,282,0.149617,0.20147
0.1,283,0.14957,0.20151
0.1,284,0.149417,0.201447
0.1,285,0.14939,0.201437
0.1,286,0.149292,0.201393
0.1,287,0.149233,0.201385
0.1,288,0.149123,0.201445
0.1,289,0.149067,0.201421
0.1,290,0.148956,0.201403
0.1,291,0.14888,0.201392
0.1,292,0.148794,0.201365
0.1,293,0.148758,0.201388
0.1,294,0.14868,0.201383
0.1,295,0.148604,0.201351
0.1,296,0.148451,0.201335
0.1,297,0.148414,0.201321
0.1,298,0.148316,0.20133
0.1,299,0.148264,0.20132
0.1,300,0.148178,0.201364
0.1,301,0.148105,0.201356
0.1,302,0.148003,0.2013
0.1,303,0.147912,0.201337
0.1,304,0.147845,0.201308
0.1,305,0.147766,0.201326
0.1,306,0.147742,0.201359
0.1,307,0.147699,0.201354
0.1,308,0.147647,0.201356
0.1,309,0.147605,0.20134
0.1,310,0.14748,0.201296
0.1,311,0.147421,0.201306
0.1,312,0.147333,0.201251
0.1,313,0.147176,0.201146
0.1,314,0.147059,0.201121
0.1,315,0.14699,0.201079
0.1,316,0.146868,0.201085
0.1,317,0.146853,0.201077
0.1,318,0.146777,0.20112
0.1,319,0.146523,0.200977
0.1,320,0.146446,0.200953
0.1,321,0.14643,0.200945
0.1,322,0.146389,0.200946
0.1,323,0.146323,0.200949
0.1,324,0.146266,0.200954
0.1,325,0.146173,0.200918
0.1,326,0.146081,0.200879
0.1,327,0.145884,0.200785
0.1,328,0.145684,0.200787
0.1,329,0.145637,0.200779
0.1,330,0.145565,0.200745
0.1,331,0.145517,0.20074
0.1,332,0.145452,0.200737
0.1,333,0.145321,0.200684
0.1,334,0.145295,0.200685
0.1,335,0.145164,0.200653
0.1,336,0.144998,0.200604
0.1,337,0.14481,0.200518
0.1,338,0.144744,0.20052
0.1,339,0.14452,0.200368
0.1,340,0.144383,0.200355
0.1,341,0.144334,0.200356
0.1,342,0.144239,0.200302
0.1,343,0.143967,0.200156
0.1,344,0.143819,0.200361
0.1,345,0.143734,0.200317
0.1,346,0.143678,0.200327
0.1,347,0.143585,0.200317
0.1,348,0.143453,0.200325
0.1,349,0.143437,0.200377
0.1,350,0.143325,0.20036
0.1,351,0.143298,0.200354
0.1,352,0.143252,0.200343
0.1,353,0.143196,0.200333
0.1,354,0.143967,0.200156
0.3,1,0.436408,0.436431
0.3,2,0.357778,0.360154
0.3,3,0.307416,0.31234
0.3,4,0.277007,0.285021
0.3,5,0.256427,0.268062
0.3,6,0.243397,0.257009
0.3,7,0.234569,0.250296
0.3,8,0.226769,0.244139
0.3,9,0.221553,0.240677
0.3,10,0.216205,0.236822
0.3,11,0.212888,0.235418
0.3,12,0.210068,0.233701
0.3,13,0.207395,0.232234
0.3,14,0.204723,0.230411
0.3,15,0.203552,0.229733
0.3,16,0.202176,0.229125
0.3,17,0.200221,0.227937
0.3,18,0.198826,0.2273
0.3,19,0.197703,0.226728
0.3,20,0.19578,0.225487
0.3,21,0.194548,0.225838
0.3,22,0.193657,0.225377
0.3,23,0.192291,0.224686
0.3,24,0.190988,0.223956
0.3,25,0.189987,0.223233
0.3,26,0.189205,0.222754
0.3,27,0.188332,0.222212
0.3,28,0.186664,0.221538
0.3,29,0.185103,0.220444
0.3,30,0.184581,0.220247
0.3,31,0.184118,0.219926
0.3,32,0.183165,0.219505
0.3,33,0.181852,0.218547
0.3,34,0.181215,0.218456
0.3,35,0.180403,0.217999
0.3,36,0.179907,0.217772
0.3,37,0.179565,0.217601
0.3,38,0.178935,0.217348
0.3,39,0.177964,0.216879
0.3,40,0.177063,0.216336
0.3,41,0.175977,0.21589
0.3,42,0.175007,0.215417
0.3,43,0.174299,0.215174
0.3,44,0.173818,0.215002
0.3,45,0.173115,0.214872
0.3,46,0.172725,0.214815
0.3,47,0.172439,0.214706
0.3,48,0.171888,0.214607
0.3,49,0.171262,0.214178
0.3,50,0.170975,0.214028
0.3,51,0.170598,0.213856
0.3,52,0.170223,0.21362
0.3,53,0.170043,0.213579
0.3,54,0.169392,0.213264
0.3,55,0.169078,0.213106
0.3,56,0.16854,0.212927
0.3,57,0.168122,0.212695
0.3,58,0.167466,0.212294
0.3,59,0.167101,0.212234
0.3,60,0.166945,0.21218
0.3,61,0.166729,0.212136
0.3,62,0.166248,0.21204
0.3,63,0.165846,0.211901
0.3,64,0.165085,0.211477
0.3,65,0.16485,0.211416
0.3,66,0.163965,0.211267
0.3,67,0.163072,0.21076
0.3,68,0.162736,0.210593
0.3,69,0.16234,0.210396
0.3,70,0.161797,0.210133
0.3,71,0.161635,0.210063
0.3,72,0.161307,0.209976
0.3,73,0.160869,0.20985
0.3,74,0.160409,0.209706
0.3,75,0.159986,0.209783
0.3,76,0.159757,0.209744
0.3,77,0.15949,0.209612
0.3,78,0.158889,0.209231
0.3,79,0.158609,0.209232
0.3,80,0.158411,0.20924
0.3,81,0.158255,0.209227
0.3,82,0.157999,0.209131
0.3,83,0.157616,0.209015
0.3,84,0.157441,0.208944
0.3,85,0.157094,0.208934
0.3,86,0.156908,0.209224
0.3,87,0.156543,0.209112
0.3,88,0.156345,0.209105
0.3,89,0.155761,0.208741
0.3,90,0.155271,0.208683
0.3,91,0.154856,0.208626
0.3,92,0.154592,0.20865
0.3,93,0.154224,0.208484
0.3,94,0.153897,0.208296
0.3,95,0.153486,0.208062
0.3,96,0.153286,0.208075
0.3,97,0.152879,0.207961
0.3,98,0.152658,0.207903
0.3,99,0.152444,0.207737
0.3,100,0.152363,0.207782
0.3,101,0.152201,0.207673
0.3,102,0.151737,0.207476
0.3,103,0.151379,0.207265
0.3,104,0.151239,0.20722
0.3,105,0.150793,0.207077
0.3,106,0.150642,0.207013
0.3,107,0.150415,0.206911
0.3,108,0.149849,0.206633
0.3,109,0.149704,0.206587
0.3,110,0.149426,0.206457
0.3,111,0.14912,0.206267
0.3,112,0.148881,0.206215
0.3,113,0.148754,0.206197
0.3,114,0.148563,0.206073
0.3,115,0.148332,0.205984
0.3,116,0.147927,0.205734
0.3,117,0.147436,0.205587
0.3,118,0.147194,0.205551
0.3,119,0.147023,0.205551
0.3,120,0.146846,0.205545
0.3,121,0.146556,0.20566
0.3,122,0.146453,0.205648
0.3,123,0.1463,0.205298
0.3,124,0.14615,0.205232
0.3,125,0.145659,0.20493
0.3,126,0.145519,0.204958
0.3,127,0.145214,0.204969
0.3,128,0.144832,0.204866
0.3,129,0.144602,0.204842
0.3,130,0.144467,0.204812
0.3,131,0.144122,0.204625
0.3,132,0.14361,0.204426
0.3,133,0.14347,0.2046
0.3,134,0.143327,0.204563
0.3,135,0.143148,0.204615
0.3,136,0.143038,0.20464
0.3,137,0.14265,0.204625
0.3,138,0.142116,0.204492
0.3,139,0.14203,0.204595
0.3,140,0.141703,0.204565
0.3,141,0.141553,0.204575
0.3,142,0.141076,0.204459
0.3,143,0.14361,0.204426
0.7,1,0.30776,0.31259
0.7,2,0.252737,0.264956
0.7,3,0.236335,0.254869
0.7,4,0.228212,0.249762
0.7,5,0.223007,0.247019
0.7,6,0.218518,0.243516
0.7,7,0.216015,0.243472
0.7,8,0.210828,0.24021
0.7,9,0.208656,0.239254
0.7,10,0.205848,0.237829
0.7,11,0.203923,0.236647
0.7,12,0.202305,0.236744
0.7,13,0.199672,0.235228
0.7,14,0.197788,0.234
0.7,15,0.196361,0.233588
0.7,16,0.195046,0.233213
0.7,17,0.193618,0.23295
0.7,18,0.192141,0.232324
0.7,19,0.190972,0.232106
0.7,20,0.189974,0.231712
0.7,21,0.187344,0.230955
0.7,22,0.186398,0.23098
0.7,23,0.186033,0.231162
0.7,24,0.183735,0.229983
0.7,25,0.182139,0.229927
0.7,26,0.180796,0.229456
0.7,27,0.179444,0.230313
0.7,28,0.177954,0.22959
0.7,29,0.176461,0.229263
0.7,30,0.175798,0.228834
0.7,31,0.175437,0.228717
0.7,32,0.173955,0.227866
0.7,33,0.172584,0.227095
0.7,34,0.172006,0.227327
0.7,35,0.171475,0.227348
0.7,36,0.171278,0.227224
0.7,37,0.170825,0.227242
0.7,38,0.169351,0.226946
0.7,39,0.168326,0.226698
0.7,40,0.166711,0.226198
0.7,41,0.16567,0.225639
0.7,42,0.164673,0.225517
0.7,43,0.164205,0.225486
0.7,44,0.163946,0.225445
0.7,45,0.163391,0.2243
0.7,46,0.162829,0.224065
0.7,47,0.161992,0.223883
0.7,48,0.161388,0.223797
0.7,49,0.161166,0.223779
0.7,50,0.160597,0.223571
0.7,51,0.160085,0.223465
0.7,52,0.15955,0.223516
0.7,53,0.158262,0.222817
0.7,54,0.157372,0.222893
0.7,55,0.156737,0.222725
0.7,56,0.155867,0.222757
0.7,57,0.155363,0.222729
0.7,58,0.154806,0.222574
0.7,59,0.154193,0.222394
0.7,60,0.153588,0.222457
0.7,61,0.153024,0.22234
0.7,62,0.152762,0.222251
0.7,63,0.152482,0.222218
0.7,64,0.151749,0.22214
0.7,65,0.151064,0.222623
0.7,66,0.150634,0.222618
0.7,67,0.149892,0.222517
0.7,68,0.149381,0.222393
0.7,69,0.148706,0.222262
0.7,70,0.148347,0.222146
0.7,71,0.148003,0.222274
0.7,72,0.147504,0.222495
0.7,73,0.146945,0.222432
0.7,74,0.146246,0.223166
0.7,75,0.151749,0.22214
